pair_name,task,mode,method,status,reason,n_valid,positive_rate,brier_raw,brier_calibrated,logloss_raw,logloss_calibrated,ece_raw,ece_calibrated,mce_raw,mce_calibrated,roc_auc_raw,roc_auc_calibrated
Arthur__vs__llm,stance_intensity,correctness,sigmoid,ok,,350,0.4228571428571429,0.5057571257142942,0.22848378696214516,1.7368329106475702,0.649408694685299,0.4828571342857142,0.16592758034748686,0.6995168937198067,0.22592916716113098,0.27585630184640086,0.6969494246721969
Arthur__vs__llm,stance_intensity,correctness,isotonic,ok,,350,0.4228571428571429,0.5057571257142942,0.2440765306122449,1.7368329106475702,0.6812538975721337,0.4828571342857142,1.1102230246251565e-16,0.6995168937198067,1.1102230246251565e-16,0.27585630184640086,0.49297564891624296
Arthur__vs__llm,epistemic_modality,correctness,sigmoid,ok,,335,0.23582089552238805,0.4957089014926747,0.15705005901677688,1.5803304133930023,0.48840962621863504,0.5873132955223881,0.1557588712074074,0.7718750000000001,0.4405482146934631,0.764092167721519,0.7560571598101267
Arthur__vs__llm,epistemic_modality,correctness,isotonic,ok,,335,0.23582089552238805,0.4957089014926747,0.11819660753537413,1.5803304133930023,0.4012467164925434,0.5873132955223881,0.025426277401134335,0.7718750000000001,0.33333333333333337,0.764092167721519,0.7222359572784811
Arthur__vs__llm,justification_density,correctness,sigmoid,ok,,148,0.4391891891891892,0.4179897567568716,0.22618509776908183,1.7819215970477174,0.6446172956765434,0.4557431283783785,0.22461691286033295,0.85,0.28660636701859443,0.7631139944392957,0.7586654309545876
Arthur__vs__llm,justification_density,correctness,isotonic,ok,,148,0.4391891891891892,0.4179897567568716,0.16529901334515465,1.7819215970477174,0.5038228160070859,0.4557431283783785,0.012572193977473464,0.85,0.040017746228926315,0.7631139944392957,0.771177015755329
Arthur__vs__llm,responsiveness,correctness,sigmoid,ok,,354,0.07627118644067797,0.714314881355986,0.07052941350625261,2.5505255576197703,0.2701386780645636,0.7995762175141243,0.00011275281328872178,0.8961864406779666,0.00011275281328872178,0.5220863064899762,0.4791595877222789
Arthur__vs__llm,responsiveness,correctness,isotonic,ok,,354,0.07627118644067797,0.714314881355986,0.07009424969349368,2.5505255576197703,0.26648078738205194,0.7995762175141243,0.00022185576755991458,0.8961864406779666,0.0005002838526048381,0.5220863064899762,0.5528372409106355
Arthur__vs__llm,agreement,correctness,sigmoid,ok,,347,0.27953890489913547,0.6517650028819222,0.2013917778655314,2.829922530837778,0.5925039807651801,0.6713255706051872,7.164033519191371e-07,0.7999999999999999,7.164033519191371e-07,0.4950515463917526,0.4985979381443299
Arthur__vs__llm,agreement,correctness,isotonic,ok,,347,0.27953890489913547,0.6517650028819222,0.19981670622141362,2.829922530837778,0.5858933214431112,0.6713255706051872,2.017291071721554e-08,0.7999999999999999,1e-06,0.4950515463917526,0.5055876288659795
Arthur__vs__llm,civility,correctness,sigmoid,ok,,355,0.5859154929577465,0.35575352112683095,0.2419348306206264,1.1588046570224178,0.6769114619660687,0.34211260563380275,0.018218525603258345,0.536842105263158,0.3980896782046749,0.5131639194139194,0.49779238618524335
Arthur__vs__llm,civility,correctness,isotonic,ok,,355,0.5859154929577465,0.35575352112683095,0.21144894095056882,1.1588046570224178,0.6017417376174333,0.34211260563380275,0.03577098998960867,0.536842105263158,0.12199197860962568,0.5131639194139194,0.6208300627943485
Arthur__vs__llm,sarcasm,correctness,sigmoid,ok,,340,0.7617647058823529,0.20575000000001178,0.17927827832903728,0.6862346576400025,0.5431683759743533,0.18205881176470595,4.102011616324841e-05,0.8958333333333335,4.102011616324841e-05,0.6392106392106391,0.6237427904094572
Arthur__vs__llm,sarcasm,correctness,isotonic,ok,,340,0.7617647058823529,0.20575000000001178,0.14406989217028748,0.6862346576400025,0.48971687955498167,0.18205881176470595,6.411660401034128e-05,0.8958333333333335,0.0003804230418330487,0.6392106392106391,0.6167596167596168
