annotator,task,mode,status,reason,n_rows_input,n_rows_output
Arthur,stance_intensity,correctness,ok,,400,350
Arthur,stance_intensity,label,skipped,label_mode_only_supported_for_binary_tasks,400,0
Arthur,epistemic_modality,correctness,ok,,400,335
Arthur,epistemic_modality,label,skipped,label_mode_only_supported_for_binary_tasks,400,0
Arthur,justification_density,correctness,ok,,400,148
Arthur,justification_density,label,skipped,label_mode_only_supported_for_binary_tasks,400,0
Arthur,responsiveness,correctness,ok,,400,354
Arthur,responsiveness,label,skipped,label_mode_only_supported_for_binary_tasks,400,0
Arthur,agreement,correctness,ok,,400,347
Arthur,agreement,label,skipped,label_mode_only_supported_for_binary_tasks,400,0
Arthur,civility,correctness,ok,,400,355
Arthur,civility,label,skipped,label_mode_only_supported_for_binary_tasks,400,0
Arthur,sarcasm,correctness,ok,,400,340
Arthur,sarcasm,label,ok,,400,340
