bin_index,bin_left,bin_right,n_bin,mean_predicted_probability,empirical_positive_rate,curve_type,pair_name,task,mode,method
0,0.0,0.1,0,,,raw,Arthur__vs__llm,stance_intensity,correctness,sigmoid
1,0.1,0.2,0,,,raw,Arthur__vs__llm,stance_intensity,correctness,sigmoid
2,0.2,0.30000000000000004,0,,,raw,Arthur__vs__llm,stance_intensity,correctness,sigmoid
3,0.30000000000000004,0.4,0,,,raw,Arthur__vs__llm,stance_intensity,correctness,sigmoid
4,0.4,0.5,0,,,raw,Arthur__vs__llm,stance_intensity,correctness,sigmoid
5,0.5,0.6000000000000001,0,,,raw,Arthur__vs__llm,stance_intensity,correctness,sigmoid
6,0.6000000000000001,0.7000000000000001,0,,,raw,Arthur__vs__llm,stance_intensity,correctness,sigmoid
7,0.7000000000000001,0.8,50,0.7999999999999998,0.66,raw,Arthur__vs__llm,stance_intensity,correctness,sigmoid
8,0.8,0.9,93,0.8623655913978493,0.6774193548387096,raw,Arthur__vs__llm,stance_intensity,correctness,sigmoid
9,0.9,1.0,207,0.9507246376811593,0.25120772946859904,raw,Arthur__vs__llm,stance_intensity,correctness,sigmoid
0,0.0,0.1,0,,,calibrated,Arthur__vs__llm,stance_intensity,correctness,sigmoid
1,0.1,0.2,0,,,calibrated,Arthur__vs__llm,stance_intensity,correctness,sigmoid
2,0.2,0.30000000000000004,0,,,calibrated,Arthur__vs__llm,stance_intensity,correctness,sigmoid
3,0.30000000000000004,0.4,207,0.3915529671216849,0.25120772946859904,calibrated,Arthur__vs__llm,stance_intensity,correctness,sigmoid
4,0.4,0.5,122,0.46259542300280343,0.6885245901639344,calibrated,Arthur__vs__llm,stance_intensity,correctness,sigmoid
5,0.5,0.6000000000000001,21,0.5019128317250645,0.5714285714285714,calibrated,Arthur__vs__llm,stance_intensity,correctness,sigmoid
6,0.6000000000000001,0.7000000000000001,0,,,calibrated,Arthur__vs__llm,stance_intensity,correctness,sigmoid
7,0.7000000000000001,0.8,0,,,calibrated,Arthur__vs__llm,stance_intensity,correctness,sigmoid
8,0.8,0.9,0,,,calibrated,Arthur__vs__llm,stance_intensity,correctness,sigmoid
9,0.9,1.0,0,,,calibrated,Arthur__vs__llm,stance_intensity,correctness,sigmoid
0,0.0,0.1,0,,,raw,Arthur__vs__llm,stance_intensity,correctness,isotonic
1,0.1,0.2,0,,,raw,Arthur__vs__llm,stance_intensity,correctness,isotonic
2,0.2,0.30000000000000004,0,,,raw,Arthur__vs__llm,stance_intensity,correctness,isotonic
3,0.30000000000000004,0.4,0,,,raw,Arthur__vs__llm,stance_intensity,correctness,isotonic
4,0.4,0.5,0,,,raw,Arthur__vs__llm,stance_intensity,correctness,isotonic
5,0.5,0.6000000000000001,0,,,raw,Arthur__vs__llm,stance_intensity,correctness,isotonic
6,0.6000000000000001,0.7000000000000001,0,,,raw,Arthur__vs__llm,stance_intensity,correctness,isotonic
7,0.7000000000000001,0.8,50,0.7999999999999998,0.66,raw,Arthur__vs__llm,stance_intensity,correctness,isotonic
8,0.8,0.9,93,0.8623655913978493,0.6774193548387096,raw,Arthur__vs__llm,stance_intensity,correctness,isotonic
9,0.9,1.0,207,0.9507246376811593,0.25120772946859904,raw,Arthur__vs__llm,stance_intensity,correctness,isotonic
0,0.0,0.1,0,,,calibrated,Arthur__vs__llm,stance_intensity,correctness,isotonic
1,0.1,0.2,0,,,calibrated,Arthur__vs__llm,stance_intensity,correctness,isotonic
2,0.2,0.30000000000000004,0,,,calibrated,Arthur__vs__llm,stance_intensity,correctness,isotonic
3,0.30000000000000004,0.4,0,,,calibrated,Arthur__vs__llm,stance_intensity,correctness,isotonic
4,0.4,0.5,350,0.42285714285714276,0.4228571428571429,calibrated,Arthur__vs__llm,stance_intensity,correctness,isotonic
5,0.5,0.6000000000000001,0,,,calibrated,Arthur__vs__llm,stance_intensity,correctness,isotonic
6,0.6000000000000001,0.7000000000000001,0,,,calibrated,Arthur__vs__llm,stance_intensity,correctness,isotonic
7,0.7000000000000001,0.8,0,,,calibrated,Arthur__vs__llm,stance_intensity,correctness,isotonic
8,0.8,0.9,0,,,calibrated,Arthur__vs__llm,stance_intensity,correctness,isotonic
9,0.9,1.0,0,,,calibrated,Arthur__vs__llm,stance_intensity,correctness,isotonic
0,0.0,0.1,0,,,raw,Arthur__vs__llm,epistemic_modality,correctness,sigmoid
1,0.1,0.2,0,,,raw,Arthur__vs__llm,epistemic_modality,correctness,sigmoid
2,0.2,0.30000000000000004,0,,,raw,Arthur__vs__llm,epistemic_modality,correctness,sigmoid
3,0.30000000000000004,0.4,0,,,raw,Arthur__vs__llm,epistemic_modality,correctness,sigmoid
4,0.4,0.5,0,,,raw,Arthur__vs__llm,epistemic_modality,correctness,sigmoid
5,0.5,0.6000000000000001,21,0.5999999999999999,0.14285714285714285,raw,Arthur__vs__llm,epistemic_modality,correctness,sigmoid
6,0.6000000000000001,0.7000000000000001,6,0.7000000000000001,0.16666666666666666,raw,Arthur__vs__llm,epistemic_modality,correctness,sigmoid
7,0.7000000000000001,0.8,234,0.8,0.11538461538461539,raw,Arthur__vs__llm,epistemic_modality,correctness,sigmoid
8,0.8,0.9,16,0.8968750000000001,0.125,raw,Arthur__vs__llm,epistemic_modality,correctness,sigmoid
9,0.9,1.0,58,0.9896551724137932,0.7931034482758621,raw,Arthur__vs__llm,epistemic_modality,correctness,sigmoid
0,0.0,0.1,0,,,calibrated,Arthur__vs__llm,epistemic_modality,correctness,sigmoid
1,0.1,0.2,27,0.12638979110570703,0.14814814814814814,calibrated,Arthur__vs__llm,epistemic_modality,correctness,sigmoid
2,0.2,0.30000000000000004,250,0.2201597990484588,0.116,calibrated,Arthur__vs__llm,epistemic_modality,correctness,sigmoid
3,0.30000000000000004,0.4,58,0.352555233582399,0.7931034482758621,calibrated,Arthur__vs__llm,epistemic_modality,correctness,sigmoid
4,0.4,0.5,0,,,calibrated,Arthur__vs__llm,epistemic_modality,correctness,sigmoid
5,0.5,0.6000000000000001,0,,,calibrated,Arthur__vs__llm,epistemic_modality,correctness,sigmoid
6,0.6000000000000001,0.7000000000000001,0,,,calibrated,Arthur__vs__llm,epistemic_modality,correctness,sigmoid
7,0.7000000000000001,0.8,0,,,calibrated,Arthur__vs__llm,epistemic_modality,correctness,sigmoid
8,0.8,0.9,0,,,calibrated,Arthur__vs__llm,epistemic_modality,correctness,sigmoid
9,0.9,1.0,0,,,calibrated,Arthur__vs__llm,epistemic_modality,correctness,sigmoid
0,0.0,0.1,0,,,raw,Arthur__vs__llm,epistemic_modality,correctness,isotonic
1,0.1,0.2,0,,,raw,Arthur__vs__llm,epistemic_modality,correctness,isotonic
2,0.2,0.30000000000000004,0,,,raw,Arthur__vs__llm,epistemic_modality,correctness,isotonic
3,0.30000000000000004,0.4,0,,,raw,Arthur__vs__llm,epistemic_modality,correctness,isotonic
4,0.4,0.5,0,,,raw,Arthur__vs__llm,epistemic_modality,correctness,isotonic
5,0.5,0.6000000000000001,21,0.5999999999999999,0.14285714285714285,raw,Arthur__vs__llm,epistemic_modality,correctness,isotonic
6,0.6000000000000001,0.7000000000000001,6,0.7000000000000001,0.16666666666666666,raw,Arthur__vs__llm,epistemic_modality,correctness,isotonic
7,0.7000000000000001,0.8,234,0.8,0.11538461538461539,raw,Arthur__vs__llm,epistemic_modality,correctness,isotonic
8,0.8,0.9,16,0.8968750000000001,0.125,raw,Arthur__vs__llm,epistemic_modality,correctness,isotonic
9,0.9,1.0,58,0.9896551724137932,0.7931034482758621,raw,Arthur__vs__llm,epistemic_modality,correctness,isotonic
0,0.0,0.1,6,0.06666666666666667,0.3333333333333333,calibrated,Arthur__vs__llm,epistemic_modality,correctness,isotonic
1,0.1,0.2,271,0.11912160191784135,0.11439114391143912,calibrated,Arthur__vs__llm,epistemic_modality,correctness,isotonic
2,0.2,0.30000000000000004,0,,,calibrated,Arthur__vs__llm,epistemic_modality,correctness,isotonic
3,0.30000000000000004,0.4,0,,,calibrated,Arthur__vs__llm,epistemic_modality,correctness,isotonic
4,0.4,0.5,0,,,calibrated,Arthur__vs__llm,epistemic_modality,correctness,isotonic
5,0.5,0.6000000000000001,0,,,calibrated,Arthur__vs__llm,epistemic_modality,correctness,isotonic
6,0.6000000000000001,0.7000000000000001,6,0.6666666666666666,1.0,calibrated,Arthur__vs__llm,epistemic_modality,correctness,isotonic
7,0.7000000000000001,0.8,27,0.7836616758602575,0.8148148148148148,calibrated,Arthur__vs__llm,epistemic_modality,correctness,isotonic
8,0.8,0.9,25,0.831788562314878,0.72,calibrated,Arthur__vs__llm,epistemic_modality,correctness,isotonic
9,0.9,1.0,0,,,calibrated,Arthur__vs__llm,epistemic_modality,correctness,isotonic
0,0.0,0.1,0,,,raw,Arthur__vs__llm,justification_density,correctness,sigmoid
1,0.1,0.2,0,,,raw,Arthur__vs__llm,justification_density,correctness,sigmoid
2,0.2,0.30000000000000004,0,,,raw,Arthur__vs__llm,justification_density,correctness,sigmoid
3,0.30000000000000004,0.4,0,,,raw,Arthur__vs__llm,justification_density,correctness,sigmoid
4,0.4,0.5,0,,,raw,Arthur__vs__llm,justification_density,correctness,sigmoid
5,0.5,0.6000000000000001,0,,,raw,Arthur__vs__llm,justification_density,correctness,sigmoid
6,0.6000000000000001,0.7000000000000001,0,,,raw,Arthur__vs__llm,justification_density,correctness,sigmoid
7,0.7000000000000001,0.8,58,0.7999999999999998,0.10344827586206896,raw,Arthur__vs__llm,justification_density,correctness,sigmoid
8,0.8,0.9,3,0.85,0.0,raw,Arthur__vs__llm,justification_density,correctness,sigmoid
9,0.9,1.0,87,0.959770114942529,0.6781609195402298,raw,Arthur__vs__llm,justification_density,correctness,sigmoid
0,0.0,0.1,0,,,calibrated,Arthur__vs__llm,justification_density,correctness,sigmoid
1,0.1,0.2,0,,,calibrated,Arthur__vs__llm,justification_density,correctness,sigmoid
2,0.2,0.30000000000000004,0,,,calibrated,Arthur__vs__llm,justification_density,correctness,sigmoid
3,0.30000000000000004,0.4,58,0.3900546428806634,0.10344827586206896,calibrated,Arthur__vs__llm,justification_density,correctness,sigmoid
4,0.4,0.5,90,0.4708874020416578,0.6555555555555556,calibrated,Arthur__vs__llm,justification_density,correctness,sigmoid
5,0.5,0.6000000000000001,0,,,calibrated,Arthur__vs__llm,justification_density,correctness,sigmoid
6,0.6000000000000001,0.7000000000000001,0,,,calibrated,Arthur__vs__llm,justification_density,correctness,sigmoid
7,0.7000000000000001,0.8,0,,,calibrated,Arthur__vs__llm,justification_density,correctness,sigmoid
8,0.8,0.9,0,,,calibrated,Arthur__vs__llm,justification_density,correctness,sigmoid
9,0.9,1.0,0,,,calibrated,Arthur__vs__llm,justification_density,correctness,sigmoid
0,0.0,0.1,0,,,raw,Arthur__vs__llm,justification_density,correctness,isotonic
1,0.1,0.2,0,,,raw,Arthur__vs__llm,justification_density,correctness,isotonic
2,0.2,0.30000000000000004,0,,,raw,Arthur__vs__llm,justification_density,correctness,isotonic
3,0.30000000000000004,0.4,0,,,raw,Arthur__vs__llm,justification_density,correctness,isotonic
4,0.4,0.5,0,,,raw,Arthur__vs__llm,justification_density,correctness,isotonic
5,0.5,0.6000000000000001,0,,,raw,Arthur__vs__llm,justification_density,correctness,isotonic
6,0.6000000000000001,0.7000000000000001,0,,,raw,Arthur__vs__llm,justification_density,correctness,isotonic
7,0.7000000000000001,0.8,58,0.7999999999999998,0.10344827586206896,raw,Arthur__vs__llm,justification_density,correctness,isotonic
8,0.8,0.9,3,0.85,0.0,raw,Arthur__vs__llm,justification_density,correctness,isotonic
9,0.9,1.0,87,0.959770114942529,0.6781609195402298,raw,Arthur__vs__llm,justification_density,correctness,isotonic
0,0.0,0.1,23,0.09041703637976933,0.13043478260869565,calibrated,Arthur__vs__llm,justification_density,correctness,isotonic
1,0.1,0.2,38,0.10349534550662369,0.07894736842105263,calibrated,Arthur__vs__llm,justification_density,correctness,isotonic
2,0.2,0.30000000000000004,0,,,calibrated,Arthur__vs__llm,justification_density,correctness,isotonic
3,0.30000000000000004,0.4,0,,,calibrated,Arthur__vs__llm,justification_density,correctness,isotonic
4,0.4,0.5,0,,,calibrated,Arthur__vs__llm,justification_density,correctness,isotonic
5,0.5,0.6000000000000001,0,,,calibrated,Arthur__vs__llm,justification_density,correctness,isotonic
6,0.6000000000000001,0.7000000000000001,87,0.6782465909902191,0.6781609195402298,calibrated,Arthur__vs__llm,justification_density,correctness,isotonic
7,0.7000000000000001,0.8,0,,,calibrated,Arthur__vs__llm,justification_density,correctness,isotonic
8,0.8,0.9,0,,,calibrated,Arthur__vs__llm,justification_density,correctness,isotonic
9,0.9,1.0,0,,,calibrated,Arthur__vs__llm,justification_density,correctness,isotonic
0,0.0,0.1,0,,,raw,Arthur__vs__llm,responsiveness,correctness,sigmoid
1,0.1,0.2,1,0.2,1.0,raw,Arthur__vs__llm,responsiveness,correctness,sigmoid
2,0.2,0.30000000000000004,0,,,raw,Arthur__vs__llm,responsiveness,correctness,sigmoid
3,0.30000000000000004,0.4,0,,,raw,Arthur__vs__llm,responsiveness,correctness,sigmoid
4,0.4,0.5,0,,,raw,Arthur__vs__llm,responsiveness,correctness,sigmoid
5,0.5,0.6000000000000001,11,0.5999999999999999,0.18181818181818182,raw,Arthur__vs__llm,responsiveness,correctness,sigmoid
6,0.6000000000000001,0.7000000000000001,0,,,raw,Arthur__vs__llm,responsiveness,correctness,sigmoid
7,0.7000000000000001,0.8,119,0.7999999999999999,0.08403361344537816,raw,Arthur__vs__llm,responsiveness,correctness,sigmoid
8,0.8,0.9,118,0.8961864406779666,0.0,raw,Arthur__vs__llm,responsiveness,correctness,sigmoid
9,0.9,1.0,105,0.9590476190476189,0.13333333333333333,raw,Arthur__vs__llm,responsiveness,correctness,sigmoid
0,0.0,0.1,354,0.07615843362738925,0.07627118644067797,calibrated,Arthur__vs__llm,responsiveness,correctness,sigmoid
1,0.1,0.2,0,,,calibrated,Arthur__vs__llm,responsiveness,correctness,sigmoid
2,0.2,0.30000000000000004,0,,,calibrated,Arthur__vs__llm,responsiveness,correctness,sigmoid
3,0.30000000000000004,0.4,0,,,calibrated,Arthur__vs__llm,responsiveness,correctness,sigmoid
4,0.4,0.5,0,,,calibrated,Arthur__vs__llm,responsiveness,correctness,sigmoid
5,0.5,0.6000000000000001,0,,,calibrated,Arthur__vs__llm,responsiveness,correctness,sigmoid
6,0.6000000000000001,0.7000000000000001,0,,,calibrated,Arthur__vs__llm,responsiveness,correctness,sigmoid
7,0.7000000000000001,0.8,0,,,calibrated,Arthur__vs__llm,responsiveness,correctness,sigmoid
8,0.8,0.9,0,,,calibrated,Arthur__vs__llm,responsiveness,correctness,sigmoid
9,0.9,1.0,0,,,calibrated,Arthur__vs__llm,responsiveness,correctness,sigmoid
0,0.0,0.1,0,,,raw,Arthur__vs__llm,responsiveness,correctness,isotonic
1,0.1,0.2,1,0.2,1.0,raw,Arthur__vs__llm,responsiveness,correctness,isotonic
2,0.2,0.30000000000000004,0,,,raw,Arthur__vs__llm,responsiveness,correctness,isotonic
3,0.30000000000000004,0.4,0,,,raw,Arthur__vs__llm,responsiveness,correctness,isotonic
4,0.4,0.5,0,,,raw,Arthur__vs__llm,responsiveness,correctness,isotonic
5,0.5,0.6000000000000001,11,0.5999999999999999,0.18181818181818182,raw,Arthur__vs__llm,responsiveness,correctness,isotonic
6,0.6000000000000001,0.7000000000000001,0,,,raw,Arthur__vs__llm,responsiveness,correctness,isotonic
7,0.7000000000000001,0.8,119,0.7999999999999999,0.08403361344537816,raw,Arthur__vs__llm,responsiveness,correctness,isotonic
8,0.8,0.9,118,0.8961864406779666,0.0,raw,Arthur__vs__llm,responsiveness,correctness,isotonic
9,0.9,1.0,105,0.9590476190476189,0.13333333333333333,raw,Arthur__vs__llm,responsiveness,correctness,isotonic
0,0.0,0.1,249,0.05210438900725822,0.05220883534136546,calibrated,Arthur__vs__llm,responsiveness,correctness,isotonic
1,0.1,0.2,105,0.1328330494807285,0.13333333333333333,calibrated,Arthur__vs__llm,responsiveness,correctness,isotonic
2,0.2,0.30000000000000004,0,,,calibrated,Arthur__vs__llm,responsiveness,correctness,isotonic
3,0.30000000000000004,0.4,0,,,calibrated,Arthur__vs__llm,responsiveness,correctness,isotonic
4,0.4,0.5,0,,,calibrated,Arthur__vs__llm,responsiveness,correctness,isotonic
5,0.5,0.6000000000000001,0,,,calibrated,Arthur__vs__llm,responsiveness,correctness,isotonic
6,0.6000000000000001,0.7000000000000001,0,,,calibrated,Arthur__vs__llm,responsiveness,correctness,isotonic
7,0.7000000000000001,0.8,0,,,calibrated,Arthur__vs__llm,responsiveness,correctness,isotonic
8,0.8,0.9,0,,,calibrated,Arthur__vs__llm,responsiveness,correctness,isotonic
9,0.9,1.0,0,,,calibrated,Arthur__vs__llm,responsiveness,correctness,isotonic
0,0.0,0.1,0,,,raw,Arthur__vs__llm,agreement,correctness,sigmoid
1,0.1,0.2,0,,,raw,Arthur__vs__llm,agreement,correctness,sigmoid
2,0.2,0.30000000000000004,0,,,raw,Arthur__vs__llm,agreement,correctness,sigmoid
3,0.30000000000000004,0.4,0,,,raw,Arthur__vs__llm,agreement,correctness,sigmoid
4,0.4,0.5,0,,,raw,Arthur__vs__llm,agreement,correctness,sigmoid
5,0.5,0.6000000000000001,0,,,raw,Arthur__vs__llm,agreement,correctness,sigmoid
6,0.6000000000000001,0.7000000000000001,0,,,raw,Arthur__vs__llm,agreement,correctness,sigmoid
7,0.7000000000000001,0.8,7,0.7999999999999999,0.0,raw,Arthur__vs__llm,agreement,correctness,sigmoid
8,0.8,0.9,0,,,raw,Arthur__vs__llm,agreement,correctness,sigmoid
9,0.9,1.0,340,0.9539705882352942,0.2852941176470588,raw,Arthur__vs__llm,agreement,correctness,sigmoid
0,0.0,0.1,0,,,calibrated,Arthur__vs__llm,agreement,correctness,sigmoid
1,0.1,0.2,0,,,calibrated,Arthur__vs__llm,agreement,correctness,sigmoid
2,0.2,0.30000000000000004,347,0.27953818849578355,0.27953890489913547,calibrated,Arthur__vs__llm,agreement,correctness,sigmoid
3,0.30000000000000004,0.4,0,,,calibrated,Arthur__vs__llm,agreement,correctness,sigmoid
4,0.4,0.5,0,,,calibrated,Arthur__vs__llm,agreement,correctness,sigmoid
5,0.5,0.6000000000000001,0,,,calibrated,Arthur__vs__llm,agreement,correctness,sigmoid
6,0.6000000000000001,0.7000000000000001,0,,,calibrated,Arthur__vs__llm,agreement,correctness,sigmoid
7,0.7000000000000001,0.8,0,,,calibrated,Arthur__vs__llm,agreement,correctness,sigmoid
8,0.8,0.9,0,,,calibrated,Arthur__vs__llm,agreement,correctness,sigmoid
9,0.9,1.0,0,,,calibrated,Arthur__vs__llm,agreement,correctness,sigmoid
0,0.0,0.1,0,,,raw,Arthur__vs__llm,agreement,correctness,isotonic
1,0.1,0.2,0,,,raw,Arthur__vs__llm,agreement,correctness,isotonic
2,0.2,0.30000000000000004,0,,,raw,Arthur__vs__llm,agreement,correctness,isotonic
3,0.30000000000000004,0.4,0,,,raw,Arthur__vs__llm,agreement,correctness,isotonic
4,0.4,0.5,0,,,raw,Arthur__vs__llm,agreement,correctness,isotonic
5,0.5,0.6000000000000001,0,,,raw,Arthur__vs__llm,agreement,correctness,isotonic
6,0.6000000000000001,0.7000000000000001,0,,,raw,Arthur__vs__llm,agreement,correctness,isotonic
7,0.7000000000000001,0.8,7,0.7999999999999999,0.0,raw,Arthur__vs__llm,agreement,correctness,isotonic
8,0.8,0.9,0,,,raw,Arthur__vs__llm,agreement,correctness,isotonic
9,0.9,1.0,340,0.9539705882352942,0.2852941176470588,raw,Arthur__vs__llm,agreement,correctness,isotonic
0,0.0,0.1,7,1e-06,0.0,calibrated,Arthur__vs__llm,agreement,correctness,isotonic
1,0.1,0.2,0,,,calibrated,Arthur__vs__llm,agreement,correctness,isotonic
2,0.2,0.30000000000000004,340,0.28529411764705875,0.2852941176470588,calibrated,Arthur__vs__llm,agreement,correctness,isotonic
3,0.30000000000000004,0.4,0,,,calibrated,Arthur__vs__llm,agreement,correctness,isotonic
4,0.4,0.5,0,,,calibrated,Arthur__vs__llm,agreement,correctness,isotonic
5,0.5,0.6000000000000001,0,,,calibrated,Arthur__vs__llm,agreement,correctness,isotonic
6,0.6000000000000001,0.7000000000000001,0,,,calibrated,Arthur__vs__llm,agreement,correctness,isotonic
7,0.7000000000000001,0.8,0,,,calibrated,Arthur__vs__llm,agreement,correctness,isotonic
8,0.8,0.9,0,,,calibrated,Arthur__vs__llm,agreement,correctness,isotonic
9,0.9,1.0,0,,,calibrated,Arthur__vs__llm,agreement,correctness,isotonic
0,0.0,0.1,0,,,raw,Arthur__vs__llm,civility,correctness,sigmoid
1,0.1,0.2,0,,,raw,Arthur__vs__llm,civility,correctness,sigmoid
2,0.2,0.30000000000000004,0,,,raw,Arthur__vs__llm,civility,correctness,sigmoid
3,0.30000000000000004,0.4,0,,,raw,Arthur__vs__llm,civility,correctness,sigmoid
4,0.4,0.5,0,,,raw,Arthur__vs__llm,civility,correctness,sigmoid
5,0.5,0.6000000000000001,0,,,raw,Arthur__vs__llm,civility,correctness,sigmoid
6,0.6000000000000001,0.7000000000000001,0,,,raw,Arthur__vs__llm,civility,correctness,sigmoid
7,0.7000000000000001,0.8,19,0.8000000000000002,0.2631578947368421,raw,Arthur__vs__llm,civility,correctness,sigmoid
8,0.8,0.9,99,0.8873737373737376,0.7777777777777778,raw,Arthur__vs__llm,civility,correctness,sigmoid
9,0.9,1.0,237,0.9552742616033755,0.5316455696202531,raw,Arthur__vs__llm,civility,correctness,sigmoid
0,0.0,0.1,0,,,calibrated,Arthur__vs__llm,civility,correctness,sigmoid
1,0.1,0.2,0,,,calibrated,Arthur__vs__llm,civility,correctness,sigmoid
2,0.2,0.30000000000000004,0,,,calibrated,Arthur__vs__llm,civility,correctness,sigmoid
3,0.30000000000000004,0.4,0,,,calibrated,Arthur__vs__llm,civility,correctness,sigmoid
4,0.4,0.5,0,,,calibrated,Arthur__vs__llm,civility,correctness,sigmoid
5,0.5,0.6000000000000001,347,0.5858295653127358,0.5763688760806917,calibrated,Arthur__vs__llm,civility,correctness,sigmoid
6,0.6000000000000001,0.7000000000000001,8,0.6019103217953251,1.0,calibrated,Arthur__vs__llm,civility,correctness,sigmoid
7,0.7000000000000001,0.8,0,,,calibrated,Arthur__vs__llm,civility,correctness,sigmoid
8,0.8,0.9,0,,,calibrated,Arthur__vs__llm,civility,correctness,sigmoid
9,0.9,1.0,0,,,calibrated,Arthur__vs__llm,civility,correctness,sigmoid
0,0.0,0.1,0,,,raw,Arthur__vs__llm,civility,correctness,isotonic
1,0.1,0.2,0,,,raw,Arthur__vs__llm,civility,correctness,isotonic
2,0.2,0.30000000000000004,0,,,raw,Arthur__vs__llm,civility,correctness,isotonic
3,0.30000000000000004,0.4,0,,,raw,Arthur__vs__llm,civility,correctness,isotonic
4,0.4,0.5,0,,,raw,Arthur__vs__llm,civility,correctness,isotonic
5,0.5,0.6000000000000001,0,,,raw,Arthur__vs__llm,civility,correctness,isotonic
6,0.6000000000000001,0.7000000000000001,0,,,raw,Arthur__vs__llm,civility,correctness,isotonic
7,0.7000000000000001,0.8,19,0.8000000000000002,0.2631578947368421,raw,Arthur__vs__llm,civility,correctness,isotonic
8,0.8,0.9,99,0.8873737373737376,0.7777777777777778,raw,Arthur__vs__llm,civility,correctness,isotonic
9,0.9,1.0,237,0.9552742616033755,0.5316455696202531,raw,Arthur__vs__llm,civility,correctness,isotonic
0,0.0,0.1,0,,,calibrated,Arthur__vs__llm,civility,correctness,isotonic
1,0.1,0.2,22,0.15304834054834054,0.2727272727272727,calibrated,Arthur__vs__llm,civility,correctness,isotonic
2,0.2,0.30000000000000004,22,0.2129010695187166,0.09090909090909091,calibrated,Arthur__vs__llm,civility,correctness,isotonic
3,0.30000000000000004,0.4,0,,,calibrated,Arthur__vs__llm,civility,correctness,isotonic
4,0.4,0.5,0,,,calibrated,Arthur__vs__llm,civility,correctness,isotonic
5,0.5,0.6000000000000001,54,0.5991379310344828,0.6666666666666666,calibrated,Arthur__vs__llm,civility,correctness,isotonic
6,0.6000000000000001,0.7000000000000001,232,0.6152386408828658,0.5991379310344828,calibrated,Arthur__vs__llm,civility,correctness,isotonic
7,0.7000000000000001,0.8,0,,,calibrated,Arthur__vs__llm,civility,correctness,isotonic
8,0.8,0.9,0,,,calibrated,Arthur__vs__llm,civility,correctness,isotonic
9,0.9,1.0,25,0.999999,1.0,calibrated,Arthur__vs__llm,civility,correctness,isotonic
0,0.0,0.1,0,,,raw,Arthur__vs__llm,sarcasm,correctness,sigmoid
1,0.1,0.2,0,,,raw,Arthur__vs__llm,sarcasm,correctness,sigmoid
2,0.2,0.30000000000000004,0,,,raw,Arthur__vs__llm,sarcasm,correctness,sigmoid
3,0.30000000000000004,0.4,0,,,raw,Arthur__vs__llm,sarcasm,correctness,sigmoid
4,0.4,0.5,0,,,raw,Arthur__vs__llm,sarcasm,correctness,sigmoid
5,0.5,0.6000000000000001,0,,,raw,Arthur__vs__llm,sarcasm,correctness,sigmoid
6,0.6000000000000001,0.7000000000000001,0,,,raw,Arthur__vs__llm,sarcasm,correctness,sigmoid
7,0.7000000000000001,0.8,11,0.8,0.09090909090909091,raw,Arthur__vs__llm,sarcasm,correctness,sigmoid
8,0.8,0.9,12,0.8958333333333335,0.0,raw,Arthur__vs__llm,sarcasm,correctness,sigmoid
9,0.9,1.0,317,0.9506309148264985,0.8138801261829653,raw,Arthur__vs__llm,sarcasm,correctness,sigmoid
0,0.0,0.1,0,,,calibrated,Arthur__vs__llm,sarcasm,correctness,sigmoid
1,0.1,0.2,0,,,calibrated,Arthur__vs__llm,sarcasm,correctness,sigmoid
2,0.2,0.30000000000000004,0,,,calibrated,Arthur__vs__llm,sarcasm,correctness,sigmoid
3,0.30000000000000004,0.4,0,,,calibrated,Arthur__vs__llm,sarcasm,correctness,sigmoid
4,0.4,0.5,0,,,calibrated,Arthur__vs__llm,sarcasm,correctness,sigmoid
5,0.5,0.6000000000000001,0,,,calibrated,Arthur__vs__llm,sarcasm,correctness,sigmoid
6,0.6000000000000001,0.7000000000000001,0,,,calibrated,Arthur__vs__llm,sarcasm,correctness,sigmoid
7,0.7000000000000001,0.8,340,0.7618057259985161,0.7617647058823529,calibrated,Arthur__vs__llm,sarcasm,correctness,sigmoid
8,0.8,0.9,0,,,calibrated,Arthur__vs__llm,sarcasm,correctness,sigmoid
9,0.9,1.0,0,,,calibrated,Arthur__vs__llm,sarcasm,correctness,sigmoid
0,0.0,0.1,0,,,raw,Arthur__vs__llm,sarcasm,correctness,isotonic
1,0.1,0.2,0,,,raw,Arthur__vs__llm,sarcasm,correctness,isotonic
2,0.2,0.30000000000000004,0,,,raw,Arthur__vs__llm,sarcasm,correctness,isotonic
3,0.30000000000000004,0.4,0,,,raw,Arthur__vs__llm,sarcasm,correctness,isotonic
4,0.4,0.5,0,,,raw,Arthur__vs__llm,sarcasm,correctness,isotonic
5,0.5,0.6000000000000001,0,,,raw,Arthur__vs__llm,sarcasm,correctness,isotonic
6,0.6000000000000001,0.7000000000000001,0,,,raw,Arthur__vs__llm,sarcasm,correctness,isotonic
7,0.7000000000000001,0.8,11,0.8,0.09090909090909091,raw,Arthur__vs__llm,sarcasm,correctness,isotonic
8,0.8,0.9,12,0.8958333333333335,0.0,raw,Arthur__vs__llm,sarcasm,correctness,isotonic
9,0.9,1.0,317,0.9506309148264985,0.8138801261829653,raw,Arthur__vs__llm,sarcasm,correctness,isotonic
0,0.0,0.1,23,0.04309783782773217,0.043478260869565216,calibrated,Arthur__vs__llm,sarcasm,correctness,isotonic
1,0.1,0.2,0,,,calibrated,Arthur__vs__llm,sarcasm,correctness,isotonic
2,0.2,0.30000000000000004,0,,,calibrated,Arthur__vs__llm,sarcasm,correctness,isotonic
3,0.30000000000000004,0.4,0,,,calibrated,Arthur__vs__llm,sarcasm,correctness,isotonic
4,0.4,0.5,0,,,calibrated,Arthur__vs__llm,sarcasm,correctness,isotonic
5,0.5,0.6000000000000001,0,,,calibrated,Arthur__vs__llm,sarcasm,correctness,isotonic
6,0.6000000000000001,0.7000000000000001,0,,,calibrated,Arthur__vs__llm,sarcasm,correctness,isotonic
7,0.7000000000000001,0.8,0,,,calibrated,Arthur__vs__llm,sarcasm,correctness,isotonic
8,0.8,0.9,313,0.8115432776849884,0.8115015974440895,calibrated,Arthur__vs__llm,sarcasm,correctness,isotonic
9,0.9,1.0,4,0.999999,1.0,calibrated,Arthur__vs__llm,sarcasm,correctness,isotonic
0,0.0,0.1,0,,,raw,Arthur__vs__llm,sarcasm,label,sigmoid
1,0.1,0.2,0,,,raw,Arthur__vs__llm,sarcasm,label,sigmoid
2,0.2,0.30000000000000004,0,,,raw,Arthur__vs__llm,sarcasm,label,sigmoid
3,0.30000000000000004,0.4,0,,,raw,Arthur__vs__llm,sarcasm,label,sigmoid
4,0.4,0.5,0,,,raw,Arthur__vs__llm,sarcasm,label,sigmoid
5,0.5,0.6000000000000001,0,,,raw,Arthur__vs__llm,sarcasm,label,sigmoid
6,0.6000000000000001,0.7000000000000001,0,,,raw,Arthur__vs__llm,sarcasm,label,sigmoid
7,0.7000000000000001,0.8,11,0.8,0.09090909090909091,raw,Arthur__vs__llm,sarcasm,label,sigmoid
8,0.8,0.9,12,0.8958333333333335,0.0,raw,Arthur__vs__llm,sarcasm,label,sigmoid
9,0.9,1.0,317,0.9506309148264985,0.022082018927444796,raw,Arthur__vs__llm,sarcasm,label,sigmoid
0,0.0,0.1,340,0.02354232381897964,0.023529411764705882,calibrated,Arthur__vs__llm,sarcasm,label,sigmoid
1,0.1,0.2,0,,,calibrated,Arthur__vs__llm,sarcasm,label,sigmoid
2,0.2,0.30000000000000004,0,,,calibrated,Arthur__vs__llm,sarcasm,label,sigmoid
3,0.30000000000000004,0.4,0,,,calibrated,Arthur__vs__llm,sarcasm,label,sigmoid
4,0.4,0.5,0,,,calibrated,Arthur__vs__llm,sarcasm,label,sigmoid
5,0.5,0.6000000000000001,0,,,calibrated,Arthur__vs__llm,sarcasm,label,sigmoid
6,0.6000000000000001,0.7000000000000001,0,,,calibrated,Arthur__vs__llm,sarcasm,label,sigmoid
7,0.7000000000000001,0.8,0,,,calibrated,Arthur__vs__llm,sarcasm,label,sigmoid
8,0.8,0.9,0,,,calibrated,Arthur__vs__llm,sarcasm,label,sigmoid
9,0.9,1.0,0,,,calibrated,Arthur__vs__llm,sarcasm,label,sigmoid
0,0.0,0.1,0,,,raw,Arthur__vs__llm,sarcasm,label,isotonic
1,0.1,0.2,0,,,raw,Arthur__vs__llm,sarcasm,label,isotonic
2,0.2,0.30000000000000004,0,,,raw,Arthur__vs__llm,sarcasm,label,isotonic
3,0.30000000000000004,0.4,0,,,raw,Arthur__vs__llm,sarcasm,label,isotonic
4,0.4,0.5,0,,,raw,Arthur__vs__llm,sarcasm,label,isotonic
5,0.5,0.6000000000000001,0,,,raw,Arthur__vs__llm,sarcasm,label,isotonic
6,0.6000000000000001,0.7000000000000001,0,,,raw,Arthur__vs__llm,sarcasm,label,isotonic
7,0.7000000000000001,0.8,11,0.8,0.09090909090909091,raw,Arthur__vs__llm,sarcasm,label,isotonic
8,0.8,0.9,12,0.8958333333333335,0.0,raw,Arthur__vs__llm,sarcasm,label,isotonic
9,0.9,1.0,317,0.9506309148264985,0.022082018927444796,raw,Arthur__vs__llm,sarcasm,label,isotonic
0,0.0,0.1,340,0.02340832214532872,0.023529411764705882,calibrated,Arthur__vs__llm,sarcasm,label,isotonic
1,0.1,0.2,0,,,calibrated,Arthur__vs__llm,sarcasm,label,isotonic
2,0.2,0.30000000000000004,0,,,calibrated,Arthur__vs__llm,sarcasm,label,isotonic
3,0.30000000000000004,0.4,0,,,calibrated,Arthur__vs__llm,sarcasm,label,isotonic
4,0.4,0.5,0,,,calibrated,Arthur__vs__llm,sarcasm,label,isotonic
5,0.5,0.6000000000000001,0,,,calibrated,Arthur__vs__llm,sarcasm,label,isotonic
6,0.6000000000000001,0.7000000000000001,0,,,calibrated,Arthur__vs__llm,sarcasm,label,isotonic
7,0.7000000000000001,0.8,0,,,calibrated,Arthur__vs__llm,sarcasm,label,isotonic
8,0.8,0.9,0,,,calibrated,Arthur__vs__llm,sarcasm,label,isotonic
9,0.9,1.0,0,,,calibrated,Arthur__vs__llm,sarcasm,label,isotonic
